EpisodesSoFar,entloss,surrgain,EpRewMean,optimgain,ev_tdlam_before,meankl,EpLenMean,TimestepsSoFar,TimeElapsed,EpThisIter,entropy
1,0.0,0.034326416,-2.7800086166303464,0.034326416,0.0007158517837524414,0.005975581,10.0,10,6.6814587116241455,1,2.840582
